{"steps": [0, 100, 200, 300, 400, 500, 600, 700, 800, 900, 1000, 1100, 1200, 1300, 1400, 1500, 1600, 1700, 1800, 1900, 2000, 2100, 2200, 2300, 2400, 2500, 2600, 2700, 2800, 2900, 3000, 3100, 3200, 3300, 3400, 3500, 3600, 3700, 3800, 3900, 4000, 4100, 4200, 4300, 4400, 4500, 4600, 4700, 4800, 4900], "train": [10.825395584106445, 9.281463623046875, 8.26844310760498, 7.064243316650391, 6.859075546264648, 6.57590389251709, 5.797160625457764, 6.087611198425293, 5.898039817810059, 5.585526466369629, 4.480464935302734, 4.580331325531006, 4.814632892608643, 3.8985958099365234, 5.246067523956299, 5.331653118133545, 4.536215305328369, 4.413417816162109, 4.794869899749756, 4.717589855194092, 4.6608967781066895, 5.170149803161621, 4.714864730834961, 4.791107654571533, 4.825968265533447, 4.821459770202637, 4.337869167327881, 4.411991596221924, 4.259528160095215, 4.731570243835449, 3.785506248474121, 4.725167274475098, 4.836128234863281, 3.8201797008514404, 4.850637912750244, 4.720595836639404, 4.268148422241211, 4.144571304321289, 4.135918140411377, 3.4431638717651367, 4.619272708892822, 3.6995134353637695, 4.124203681945801, 4.808267593383789, 3.8242976665496826, 4.351387023925781, 4.161899089813232, 3.502262592315674, 4.127067565917969, 4.618587017059326], "val": [10.821454048156738, 9.655973434448242, 7.2647013664245605, 6.8983473777771, 8.416241645812988, 6.108919620513916, 6.602268218994141, 6.9099907875061035, 5.341094970703125, 4.621768951416016, 5.246707439422607, 6.246788024902344, 5.912036418914795, 5.237393856048584, 5.73490571975708, 4.787697792053223, 5.034909725189209, 5.049031734466553, 5.21111536026001, 4.680334091186523, 4.075788497924805, 5.700921535491943, 3.5297598838806152, 4.753198146820068, 5.186877727508545, 4.58769416809082, 4.255563259124756, 4.004619121551514, 5.735785961151123, 5.289371013641357, 4.811799049377441, 4.188508987426758, 4.481256008148193, 3.522667407989502, 3.9209561347961426, 5.101511001586914, 4.484310150146484, 4.534674167633057, 4.392927646636963, 4.150648593902588, 3.701232671737671, 3.7133960723876953, 4.9216508865356445, 4.675495624542236, 4.097853183746338, 4.283851146697998, 4.364038944244385, 4.101597309112549, 4.801702976226807, 3.7075157165527344]}